title,content,url,thumbnail,source,formatted_date,celebrity,mainCategory,topicHeader,relatedArticles,isMainArticle,created_at,status
"IU, Byeon Woo-seok stars in MBC's new romance series","IU, Byeon Woo-seok stars in MBC's new romance series
SEOUL, Dec. 2 (Yonhap) -- Singer-actress IU and ""Lovely Runner"" star Byeon Woo-seok have been confirmed to star in a new...ent said Monday. Set in an alternate Korea with a constitutional monarchy, IU will portray Seong Hee-ju, an ordinary woman from a wealthy chaebol family, ...
09:24 Dec. 02",https://en.yna.co.kr/view/AEN20241202002900315?section=search,https://img.yna.co.kr/etc/inner/EN/2024/12/02/AEN20241202002900315_02_i_P2.jpg,Yonhap News,2024-12-02,iu,Music,,[],True,Sentinel: Value used to set a document field to the server timestamp.,CURRENT
Billlie makes full-group comeback with new EP,"Billlie makes full-group comeback with new EP
...y"" features lyrics written by K-pop diva IU, who collaborated with Billlie for the first ...she said. Asked how the collaboration with IU was realized, Moon said, ""She had been ...hers."" She added the group had covered IU's latest hit song at a recent concert for fans....
16:59 Oct. 16",https://en.yna.co.kr/view/AEN20241016007900315?section=search,https://img.yna.co.kr/photo/yna/YH/2024/10/16/PYH2024101611460001300_P2.jpg,Yonhap News,2024-10-16,iu,Music,,[],True,Sentinel: Value used to set a document field to the server timestamp.,CURRENT
S. Korea to ask to move venue for World Cup qualifier in Oct.,"S. Korea to ask to move venue for World Cup qualifier in Oct.
...ting national team matches, the stadium also holds music concerts and other non-sporting events. It hosted concerts by the South Korean singer IU over the weekend. ""After inspecting the pitch at Seoul World Cup Stadium on Monday, we decided the conditions wouldn't improve in time ...
17:42 Sep. 24",https://en.yna.co.kr/view/AEN20240924007800315?section=search,https://img.yna.co.kr/photo/cms/2024/07/12/93/PCM20240712000093007_P2.jpg,Yonhap News,2024-09-24,iu,Music,,[],True,Sentinel: Value used to set a document field to the server timestamp.,CURRENT
IU pens lyrics for all tracks on her new album,"IU pens lyrics for all tracks on her new album
SEOUL, Feb. 5 (Yonhap) -- Singer-actor IU has written the lyrics for all the songs on her ...ast track was prereleased last month. ""IU put much effort into crafting this album for a ...um, it added. Beyond the lyrical spotlight, IU also co-composed ""Spore,"" one of the ...
10:02 Feb. 05",https://en.yna.co.kr/view/AEN20240205002700315?section=search,https://img.yna.co.kr/photo/yna/YH/2023/03/30/PYH2023033009350001300_P2.jpg,Yonhap News,2024-02-05,iu,Music,,[],True,Sentinel: Value used to set a document field to the server timestamp.,CURRENT
IU to release new album next month,"IU to release new album next month
SEOUL, Jan. 30 (Yonhap) -- K-pop diva IU will drop her sixth EP, titled ""The Winning,"" on Feb. 20, her agency said Tuesday....ease, which was posted on social media. ""The Winning"" will mark IU's first album in about two years and a month, following her special EP ""...
10:34 Jan. 30",https://en.yna.co.kr/view/AEN20240130003700315?section=search,https://img.yna.co.kr/etc/inner/EN/2024/01/30/AEN20240130003700315_03_i_P2.jpg,Yonhap News,2024-01-30,iu,Music,,[],True,Sentinel: Value used to set a document field to the server timestamp.,CURRENT
Singer-actor IU donates 300 mln won to the vulnerable,"Singer-actor IU donates 300 mln won to the vulnerable
...anniversary of her debut, her agency said. IU donated 100 million won each to Asan Medical ...he name of ""IUaena,"" which combines IU's stage name and the name of her fanbase, ... someone,"" she said through the agency. IU is one of the most popular and successful ...
14:08 Sep. 18",https://en.yna.co.kr/view/AEN20230918004900315?section=search,https://img.yna.co.kr/photo/yna/YH/2023/04/28/PYH2023042819530001300_P2.jpg,Yonhap News,2023-09-18,iu,Social,,[],True,Sentinel: Value used to set a document field to the server timestamp.,CURRENT
Composer of IU songs denies plagiarism allegations,"Composer of IU songs denies plagiarism allegations
SEOUL, May 11 (Yonhap) -- A composer of IU's hit songs on Thursday denied allegations of ...nday filed a complaint with the police against IU, claiming six of her songs copied other works. ...re necessary, adding the recent criticism over IU ""crosses the line."" The six songs ...
18:06 May. 11",https://en.yna.co.kr/view/AEN20230511009900315?section=search,https://img.yna.co.kr/photo/cms/2023/04/26/62/PCM20230426000062005_P2.jpg,Yonhap News,2023-05-11,iu,Controversy,,[],True,Sentinel: Value used to set a document field to the server timestamp.,CURRENT
(LEAD) BTS member Suga's 'D-Day' debuts at No. 2 on Billboard 200,"(LEAD) BTS member Suga's 'D-Day' debuts at No. 2 on Billboard 200
...ded, and his first official solo album. It consists of 10 songs, including ""Haegeum,"" the prereleased song ""People Pt. 2 (Feat. IU),"" ""D-Day,"" ""Huh?! (Feat. J-Hope),"" ""Amygdala,"" ""SDL,"" ""Interlude: Dawn"" and ""Snooze (...
14:19 May. 02",https://en.yna.co.kr/view/AEN20230502001351315?section=search,https://img.yna.co.kr/etc/inner/EN/2023/05/02/AEN20230502001351315_01_i_P2.jpg,Yonhap News,2023-05-02,iu,Music,,[],True,Sentinel: Value used to set a document field to the server timestamp.,CURRENT
Singer-actor IU eyeing diverse roles in films following debut success,"Singer-actor IU eyeing diverse roles in films following debut success
...y Kim Eun-jung SEOUL, April 24 (Yonhap) -- IU, an all-round entertainer who is hugely ...and critically acclaimed titles. Last year, IU walked the Cannes red carpet with her first ... in which she stars alongside Park Seo-joon. IU plays Lee So-min, an aspiring television ...
07:00 Apr. 24",https://en.yna.co.kr/view/AEN20230421005100315?section=search,https://img.yna.co.kr/etc/inner/EN/2023/04/21/AEN20230421005100315_01_i_P2.jpg,Yonhap News,2023-04-24,iu,Music,,[],True,Sentinel: Value used to set a document field to the server timestamp.,CURRENT
"Suga, IU collaboration single tops iTunes charts in 87 countries","Suga, IU collaboration single tops iTunes charts in 87 countries
...tion single ""People Pt.2"" by Suga of BTS and K-pop sensation IU, topped iTunes charts in 87 countries Saturday, the group's agency ...eople Pt.2"" is their first collaboration since Suga participated in IU's hit song ""Eight"" as producer and featuring artist in May ...
14:56 Apr. 08",https://en.yna.co.kr/view/AEN20230408002400315?section=search,https://img.yna.co.kr/etc/inner/EN/2023/04/08/AEN20230408002400315_01_i_P2.jpg,Yonhap News,2023-04-08,iu,Music,,[],True,Sentinel: Value used to set a document field to the server timestamp.,CURRENT
"BTS' Suga, IU set to release collaboration single 'People Pt.2'","BTS' Suga, IU set to release collaboration single 'People Pt.2'
SEOUL, April 7 (Yonhap) -- Suga of K-pop supergroup BTS and diva IU are set to drop their collaboration single, titled ""People Pt.2,...quot; which is due on April 21. It is their first collaboration since IU's hit song ""Eight"" was released in May 2020. Suga will be ...
09:43 Apr. 07",https://en.yna.co.kr/view/AEN20230407002200315?section=search,https://img.yna.co.kr/etc/inner/EN/2023/04/07/AEN20230407002200315_01_i_P2.jpg,Yonhap News,2023-04-07,iu,Music,,[],True,Sentinel: Value used to set a document field to the server timestamp.,CURRENT
Yonhap News Summary,"Yonhap News Summary
... ----------------- BTS' Suga to release 1st collaboration with diva IU after 3 years SEOUL -- Suga of K-pop giant BTS will release his first collaboration single with singer IU after three years Friday, the band's agency said Wednesday. The song, ...
17:00 Apr. 05",https://en.yna.co.kr/view/AEN20230405007600325?section=search,,Yonhap News,2023-04-05,iu,Music,,[],True,Sentinel: Value used to set a document field to the server timestamp.,CURRENT
BTS' Suga to release 1st collaboration with diva IU after 3 years,"BTS' Suga to release 1st collaboration with diva IU after 3 years
...-pop giant BTS will release his first collaboration single with singer IU after three years Friday, the band's agency said Wednesday. The ..., according to BigHit Music. The two singers last worked together for IU's hit song ""Eight"" released in May 2020. Suga will be the ...
16:34 Apr. 05",https://en.yna.co.kr/view/AEN20230405006900315?section=search,https://img.yna.co.kr/etc/inner/EN/2023/04/05/AEN20230405006900315_02_i_P2.jpg,Yonhap News,2023-04-05,iu,Music,,[],True,Sentinel: Value used to set a document field to the server timestamp.,CURRENT
"Park Seo-joon, IU show on-screen chemistry in sports comedy film 'Dream'","Park Seo-joon, IU show on-screen chemistry in sports comedy film 'Dream'
...nd Lee Ji-eun, better known by her stage name IU, will show on-screen chemistry in the sports ... Korea's national team for the tournament. IU plays Lee So-min, an aspiring television ...e and gladly took part in the project."" IU said she learned a lot from Park's acting in ...
14:18 Mar. 30",https://en.yna.co.kr/view/AEN20230330005800315?section=search,https://img.yna.co.kr/photo/yna/YH/2023/03/30/PYH2023033009310001300_P2.jpg,Yonhap News,2023-03-30,iu,Acting,,[],True,Sentinel: Value used to set a document field to the server timestamp.,CURRENT
K-pop star IU in relationship with actor Lee Jong-suk,"K-pop star IU in relationship with actor Lee Jong-suk
SEOUL, Dec. 31 (Yonhap) -- Singer-actress IU is dating actor Lee Jong-suk, their agencies ...tionship. Edam Entertainment, the agency of IU, also confirmed the news, asking people ""... Lee Jong-suk may have indirectly mentioned IU in his speech after winning the MBC Drama ...
17:03 Dec. 31",https://en.yna.co.kr/view/AEN20221231002100315?section=search,https://img.yna.co.kr/etc/inner/EN/2022/12/31/AEN20221231002100315_01_i_P2.jpg,Yonhap News,2022-12-31,iu,Social,,[],True,Sentinel: Value used to set a document field to the server timestamp.,CURRENT
IU to hold concerts at Jamsil Olympic Stadium in September,"IU to hold concerts at Jamsil Olympic Stadium in September
SEOUL, July 28 (Yonhap) -- K-pop diva IU, the star of Japanese director Hirokazu Kore-eda's first Korean-language film ""Broker,"" will return as a singer this fall. She will hold ""The Golden Hour"" concerts on Sept. 17 and 18 at the Jamsil Olympic Stadium in southern Seoul,...
09:56 Jul. 28",https://en.yna.co.kr/view/AEN20220728002600315?section=search,https://img.yna.co.kr/etc/inner/EN/2022/07/28/AEN20220728002600315_01_i_P2.jpg,Yonhap News,2022-07-28,iu,Music,,[],True,Sentinel: Value used to set a document field to the server timestamp.,CURRENT
'Broker' star Lee Ji-eun says she's excited to extend silver screen career,"'Broker' star Lee Ji-eun says she's excited to extend silver screen career
By Kim Boram SEOUL, June 7 (Yonhap) -- Actress Lee Ji-eun, also known as K-pop star IU, said Tuesday that she felt so excited to be part of the drama film ""Broker"" that she wants to focus more on her acting career for the big screen. ""Broker"" is Lee's commercial film ...
16:48 Jun. 07",https://en.yna.co.kr/view/AEN20220607007800315?section=search,https://img.yna.co.kr/etc/inner/EN/2022/06/07/AEN20220607007800315_01_i_P2.jpg,Yonhap News,2022-06-07,iu,Acting,,[],True,Sentinel: Value used to set a document field to the server timestamp.,CURRENT
"(Movie Review) Another unconventional family, another award-winning farce for Kore-eda","(Movie Review) Another unconventional family, another award-winning farce for Kore-eda
...e money for their troubles. But their secretive plan gets complicated as the baby's mother, So-young (Lee Ji-eun, also known as the K-pop star IU), has a change of heart and shows up a day later. Sang-hyun decides to let So-young take part in his plan to sell the newborn named Woo-sung, ...
08:07 Jun. 02",https://en.yna.co.kr/view/AEN20220531010800315?section=search,https://img.yna.co.kr/etc/inner/EN/2022/05/31/AEN20220531010800315_01_i_P2.jpg,Yonhap News,2022-06-02,iu,Acting,,[],True,Sentinel: Value used to set a document field to the server timestamp.,CURRENT
Four popular Korean dramas to be remade into musicals,"Four popular Korean dramas to be remade into musicals
...de into a musical later this year. The original series revolves around an elite hotel owner and manager of the namesake hotel only for ghosts, starring singer-actress IU and actor Yeo Jin-goo. It was one of the highest-rated Korean dramas on cable channels in that year. brk@yna.co.kr (END)
10:20 Jan. 17",https://en.yna.co.kr/view/AEN20220117002700315?section=search,https://img.yna.co.kr/etc/inner/EN/2022/01/17/AEN20220117002700315_03_i_P2.jpg,Yonhap News,2022-01-17,iu,Music,,[],True,Sentinel: Value used to set a document field to the server timestamp.,CURRENT
Yonhap News Summary,"Yonhap News Summary
...ultative Meeting (SCM). ----------------- IU's 'Killing Voice Live' most-viewed Youtube ...his year, the company said Thursday. ""IU's Killing Voice Live,"" the 18-minute video of IU singing live on YouTube's Dingo Music channel, ...
17:00 Dec. 02",https://en.yna.co.kr/view/AEN20211202009000320?section=search,,Yonhap News,2021-12-02,iu,Music,,[],True,Sentinel: Value used to set a document field to the server timestamp.,CURRENT
IU's 'Killing Voice Live' most-viewed Youtube video in S. Korea this year,"IU's 'Killing Voice Live' most-viewed Youtube video in S. Korea this year
...(Yonhap) -- A live video of singer-songwriter IU on media channel Dingo was the most viewed ...his year, the company said Thursday. ""IU's Killing Voice Live,"" the 18-minute video of IU singing live on YouTube's Dingo Music channel, ...
15:17 Dec. 02",https://en.yna.co.kr/view/AEN20211202006300320?section=search,https://img.yna.co.kr/etc/inner/EN/2021/12/02/AEN20211202006300320_02_i_P2.jpg,Yonhap News,2021-12-02,iu,Music,,[],True,Sentinel: Value used to set a document field to the server timestamp.,CURRENT
S. Korean hit TV series set to be remade in U.S.,"S. Korean hit TV series set to be remade in U.S.
...ydance TV. The original series revolves around an elite hotel owner and manager of the namesake hotel only for ghosts, starring singer-actress IU and actor Yeo Jin-goo. It was one of the highest-rated Korean dramas on cable channels in that year. Moreover, a U.S. remake of MBC TV's 2016 ...
11:58 Nov. 29",https://en.yna.co.kr/view/AEN20211129003100315?section=search,https://img.yna.co.kr/photo/cms/2019/12/27/02/PCM20191227000002005_P2.jpg,Yonhap News,2021-11-29,iu,Acting,,[],True,Sentinel: Value used to set a document field to the server timestamp.,CURRENT
"Sibling duo AKMU returns with star-studded, philosophical album 'New Episode'","Sibling duo AKMU returns with star-studded, philosophical album 'New Episode'
...featuring top vocalists, like Lee Sun-hee and IU. The album, set for release at 6 p.m. on ...e that means ""Warfield,"" and picked IU for the main track ""Nakka,"" which ...nvey a message, we could approach more people. IU willingly accepted the suggestion and that led ...
16:01 Jul. 26",https://en.yna.co.kr/view/AEN20210726007400315?section=search,https://img.yna.co.kr/etc/inner/EN/2021/07/26/AEN20210726007400315_01_i_P2.jpg,Yonhap News,2021-07-26,iu,Music,,[],True,Sentinel: Value used to set a document field to the server timestamp.,CURRENT
IU donates 500 mln won for underprivileged on her birthday,"IU donates 500 mln won for underprivileged on her birthday
SEOUL, May 17 (Yonhap) -- Singer-actress IU has donated 500 million won (US$441,350) to charity groups in aid to the underprivileged,...n Sunday, which was her birthday, according to Edam Entertainment. ""IU wished to do something good in the name of her fan club on her last ...
14:25 May. 17",https://en.yna.co.kr/view/AEN20210517005800315?section=search,https://img.yna.co.kr/photo/cms/2020/01/05/29/PCM20200105000029005_P2.jpg,Yonhap News,2021-05-17,iu,Social,,[],True,Sentinel: Value used to set a document field to the server timestamp.,CURRENT
"K-pop songstress IU dominates music charts with new, old songs","K-pop songstress IU dominates music charts with new, old songs
... SEOUL, April 5 (Yonhap) -- K-pop songstress IU has swept major music charts here with her ...he songs sometimes descend lower within days. IU, meanwhile, has kept her songs -- including ...on music charts for quite a long time. ""IU is almost the only singer whose album the ...
11:49 Apr. 05",https://en.yna.co.kr/view/AEN20210405004500315?section=search,https://img.yna.co.kr/photo/yna/YH/2019/12/31/PYH2019123103990001300_P2.jpg,Yonhap News,2021-04-05,iu,Music,,[],True,Sentinel: Value used to set a document field to the server timestamp.,CURRENT
(LEAD) March set to be star-studded month with K-pop female solo comebacks,"(LEAD) March set to be star-studded month with K-pop female solo comebacks
...y. In March, girl group BLACKPINK's Rose, singer-songwriter IU and rapper-singer Jessi are poised to extend the hype with long-...as yet to release details on the upcoming single. Singer-songwriter IU, meanwhile, will be releasing her much-awaited full album on March 25, ...
10:33 Mar. 06",https://en.yna.co.kr/view/AEN20210304009551315?section=search,https://img.yna.co.kr/etc/inner/EN/2021/03/04/AEN20210304009551315_02_i_P2.jpg,Yonhap News,2021-03-06,iu,Music,,[],True,Sentinel: Value used to set a document field to the server timestamp.,CURRENT
March set to be star-studded month with K-pop female solo comebacks,"March set to be star-studded month with K-pop female solo comebacks
...y. In March, girl group BLACKPINK's Rose, singer-songwriter IU and rapper-singer Jessi are poised to extend the hype with long-...as yet to release details on the upcoming single. Singer-songwriter IU, meanwhile, will be releasing her much-awaited full album on March 25, ...
09:00 Mar. 06",https://en.yna.co.kr/view/AEN20210304009500315?section=search,https://img.yna.co.kr/etc/inner/EN/2021/03/04/AEN20210304009500315_02_i_P2.jpg,Yonhap News,2021-03-06,iu,Music,,[],True,Sentinel: Value used to set a document field to the server timestamp.,CURRENT
K-pop songstress IU to release new album on March 25,"K-pop songstress IU to release new album on March 25
SEOUL, March 4 (Yonhap) -- IU, one of the K-pop scene's most prominent female solo...he upcoming album. A teaser image uploaded on IU's official social media channel shows the singer ...kground. The new album comes four years after IU's successful fourth full album ""Palette,...
08:36 Mar. 04",https://en.yna.co.kr/view/AEN20210304002100315?section=search,https://img.yna.co.kr/etc/inner/EN/2021/03/04/AEN20210304002100315_01_i_P2.jpg,Yonhap News,2021-03-04,iu,Music,,[],True,Sentinel: Value used to set a document field to the server timestamp.,CURRENT
Songstress IU's single regains popularity 10 years after release,"Songstress IU's single regains popularity 10 years after release
SEOUL, Feb. 19 (Yonhap) -- Singer-actress IU's song from a decade ago has resurged to top spots on major music charts here after her...rics. The track came under the spotlight once again as fan videos of IU singing the song during past concerts gained traffic on YouTube and other ...
14:30 Feb. 19",https://en.yna.co.kr/view/AEN20210219005400315?section=search,https://img.yna.co.kr/etc/inner/EN/2021/02/19/AEN20210219005400315_01_i_P2.jpg,Yonhap News,2021-02-19,iu,Music,,[],True,Sentinel: Value used to set a document field to the server timestamp.,CURRENT
K-pop songstress IU to drop new single 'Celebrity' this month,"K-pop songstress IU to drop new single 'Celebrity' this month
...A teaser image for the upcoming single showed IU standing in between light green-colored doors,...y jewelry. ""Celebrity"" is IU's first new song since ""Eight"" ...he single, a high-profile collaboration between IU and Suga of BTS, had swept global music charts. ...
11:50 Jan. 15",https://en.yna.co.kr/view/AEN20210115004400315?section=search,https://img.yna.co.kr/etc/inner/EN/2021/01/15/AEN20210115004400315_01_i_P2.jpg,Yonhap News,2021-01-15,iu,Music,,[],True,Sentinel: Value used to set a document field to the server timestamp.,CURRENT
"IU, Suga's collaboration song 'Eight' becomes chart sensation","IU, Suga's collaboration song 'Eight' becomes chart sensation
...rofile collaboration song between K-pop queen IU and BTS' Suga, became a chart sensation. ...ccording to Edam Entertainment, the agency of IU. The song also topped major local real-...;Eight,"" adding a trendy layer of rap over IU's vocals. Co-producing the song, it is ...
10:42 May. 07",https://en.yna.co.kr/view/AEN20200507003200315?section=search,https://img.yna.co.kr/etc/inner/EN/2020/05/07/AEN20200507003200315_01_i_P2.jpg,Yonhap News,2020-05-07,iu,Music,,[],True,Sentinel: Value used to set a document field to the server timestamp.,CURRENT
Star-studded collaboration projects dazzle K-pop scene,"Star-studded collaboration projects dazzle K-pop scene
...date in South Korea, female singer-songwriter IU and Suga of BTS are on course to hit the ...aser images of the digital single, released by IU's management agency Edam Entertainment, zoom in on IU's hands in two different conditions -- set ...
15:37 Apr. 29",https://en.yna.co.kr/view/AEN20200429009900315?section=search,https://img.yna.co.kr/etc/inner/EN/2020/04/29/AEN20200429009900315_01_i_P2.jpg,Yonhap News,2020-04-29,iu,Music,,[],True,Sentinel: Value used to set a document field to the server timestamp.,CURRENT
K-pop songstress IU collaborates with BTS' Suga for new song,"K-pop songstress IU collaborates with BTS' Suga for new song
SEOUL, April 27 (Yonhap) -- Singer-actress IU has teamed up with K-pop sensation BTS' ...former's management agency announced Monday. IU will release the as-yet-unnamed new single, co-...ot; EDAM said. ""Through the collaboration, IU plans to deliver new music that differentiates ...
15:00 Apr. 27",https://en.yna.co.kr/view/AEN20200427006200315?section=search,https://img.yna.co.kr/photo/yna/YH/2019/05/01/PYH2019050115390001300_P2.jpg,Yonhap News,2020-04-27,iu,Music,,[],True,Sentinel: Value used to set a document field to the server timestamp.,CURRENT
Yonhap News Summary,"Yonhap News Summary
...----- Major talent agencies see exodus of contract artists SEOUL -- IU, one of the most loved South Korean female soloists and actresses, ... deciding to move on to a new, smaller agency. The decision relocated IU, whose legal name is Lee Ji-eun, to EDAM Entertainment from Kakao M, ...
17:30 Jan. 09",https://en.yna.co.kr/view/AEN20200109008000325?section=search,,Yonhap News,2020-01-09,iu,Music,,[],True,Sentinel: Value used to set a document field to the server timestamp.,CURRENT
Major talent agencies see exodus of contract artists,"Major talent agencies see exodus of contract artists
By Park Boram SEOUL, Jan. 9 (Yonhap) -- IU, one of the most loved South Korean female ... new, smaller agency. The decision relocated IU, whose legal name is Lee Ji-eun, to EDAM ... debuted in 2008 and built a solid career. ""IU plans to come up with a variety of more active ...
16:55 Jan. 09",https://en.yna.co.kr/view/AEN20200109007600315?section=search,https://img.yna.co.kr/etc/inner/EN/2020/01/09/AEN20200109007600315_01_i_P2.jpg,Yonhap News,2020-01-09,iu,Music,,[],True,Sentinel: Value used to set a document field to the server timestamp.,CURRENT
Kakao jumps into filmmaking industry,"Kakao jumps into filmmaking industry
...quot; Kakao M has long built its reputation in the K-pop scene for its online music streaming service provider Melon and singer Lee Ji-eun, or IU, under its management. Now it has been diversifying its business portfolio in the small screen scene through its drama studios and management ...
14:59 Sep. 23",https://en.yna.co.kr/view/AEN20190923006900315?section=search,https://img.yna.co.kr/etc/inner/EN/2019/09/23/AEN20190923006900315_02_i_P2.jpg,Yonhap News,2019-09-23,iu,Acting,,[],True,Sentinel: Value used to set a document field to the server timestamp.,CURRENT
Star-studded songs from hit TV drama storm charts,"Star-studded songs from hit TV drama storm charts
...o leading actors. Jang Man-wol, an immortal CEO of a historic hotel in central Seoul, played by singer and actress Lee Ji-eun, better known as IU, falls in turbulent, fateful love with Goo Chan-seong, a mortal elite hotel manager, played by Yeo Jin-goo. The hotel's setting as a spooky ...
17:57 Aug. 13",https://en.yna.co.kr/view/AEN20190813007400315?section=search,https://img.yna.co.kr/etc/inner/EN/2019/08/13/AEN20190813007400315_03_i_P2.jpg,Yonhap News,2019-08-13,iu,Music,,[],True,Sentinel: Value used to set a document field to the server timestamp.,CURRENT
IU to release unscheduled single to celebrate 10 yrs since debut,"IU to release unscheduled single to celebrate 10 yrs since debut
SEOUL, Oct. 1 (Yonhap) -- Singer-actress IU will release a new single this month in ..., ""BBI BBI,"" set for Oct. 10, will be IU's first music release since her last remake ... in September last year, according to Kakao M. IU wasn't scheduled for a new music release for this ...
09:35 Oct. 01",https://en.yna.co.kr/view/AEN20181001002500315?section=search,https://img.yna.co.kr/etc/inner/EN/2018/10/01/AEN20181001002500315_02_i_P2.jpg,Yonhap News,2018-10-01,iu,Music,,[],True,Sentinel: Value used to set a document field to the server timestamp.,CURRENT
"'The Miracle We Met' still strong, ranks No. 2 on weekly TV chart","'The Miracle We Met' still strong, ranks No. 2 on weekly TV chart
... Power Index (CPI) for April 9-15. It relinquished the top spot to ""My Mister,"" tvN's lugubrious series featuring singer-songwriter IU and Lee Sun-kyun. The drama centers on a young, gloomy girl struggling to support her poverty-stricken family and a middle-aged man at her ...
09:45 Apr. 24",https://en.yna.co.kr/view/AEN20180424002400315?section=search,,Yonhap News,2018-04-24,iu,Acting,,[],True,Sentinel: Value used to set a document field to the server timestamp.,CURRENT
"TV series 'My Mister' portrays humor, pathos of Korean 'ajeossi'","TV series 'My Mister' portrays humor, pathos of Korean 'ajeossi'
... 22-year-old singer-actress Lee Ji-eun, better known by her stage name IU, and 43-year-old actor Lee Sun-kyun opposite each other. But the ... his own way. Although viewership ratings are below four percent, IU's powerful performance of the sad woman is seen as gripping or even ...
17:10 Apr. 11",https://en.yna.co.kr/view/AEN20180411011100315?section=search,,Yonhap News,2018-04-11,iu,Acting,,[],True,Sentinel: Value used to set a document field to the server timestamp.,CURRENT
TvN's new series 'My Mister' debuts at No. 1 on weekly TV chart,"TvN's new series 'My Mister' debuts at No. 1 on weekly TV chart
...er Lee Ji-eun, better known by her stage name IU, topped the weekly TV ratings chart, data ... previously expected. Lee Ji-an, played by IU, does whatever it takes to repay her debt to ...gh viewership ratings hover below four percent, IU's powerful performance of the sad woman is seen ...
10:31 Apr. 04",https://en.yna.co.kr/view/AEN20180404003600315?section=search,,Yonhap News,2018-04-04,iu,Acting,,[],True,Sentinel: Value used to set a document field to the server timestamp.,CURRENT
"(New Year Special) After a blockbuster year, K-pop looks to keep momentum into 2018","(New Year Special) After a blockbuster year, K-pop looks to keep momentum into 2018
...r category, with artistic underdogs Suran and Heize both hitting big with ""Wine"" and ""/// (You, Clouds, Rain),"" respectively. IU also released her fourth full-length album, ""Palette,"" in April to critical and commercial success, while ex-FIN.K.L leader Lee Hyo-ri ...
09:00 Dec. 29",https://en.yna.co.kr/view/AEN20171228002900315?section=search,,Yonhap News,2017-12-29,iu,Music,,[],True,Sentinel: Value used to set a document field to the server timestamp.,CURRENT
Epik High tops music charts with 'Love Story' featuring IU,"Epik High tops music charts with 'Love Story' featuring IU
...ountries, including Colombia, Malaysia, Peru and Vietnam. ""Love Story,"" a sentimental rap track, features vocals from singer-actress IU, while ""Home is Far Away"" includes singing by Oh Hyuk, frontman of popular indie band Hyukoh. Epik High plans to hold concerts in Seoul ...
10:49 Oct. 24",https://en.yna.co.kr/view/AEN20171024003400315?section=search,,Yonhap News,2017-10-24,iu,Music,,[],True,Sentinel: Value used to set a document field to the server timestamp.,CURRENT
(LEAD) IU prereleases 'Autumn Morning' from new remake album,"(LEAD) IU prereleases 'Autumn Morning' from new remake album
... SEOUL, Sept. 18 (Yonhap) -- Singer-actress IU prereleased a new song titled ""Autumn ...arim added a layer of crisp acoustic sound to IU's pristine vocals, according to the company. ...and Soribada, as of 4 p.m. Monday. In April IU released her fourth full-length album, ""...
16:55 Sep. 18",https://en.yna.co.kr/view/AEN20170918002851315?section=search,,Yonhap News,2017-09-18,iu,Music,,[],True,Sentinel: Value used to set a document field to the server timestamp.,CURRENT
IU prereleases 'Autumn Morning' from new remake album,"IU prereleases 'Autumn Morning' from new remake album
SEOUL, Sept. 18 (Yonhap) -- Singer-actress IU prereleased a new song titled ""Autumn ...Harim added a layer of crisp acoustic sound to IU's pristine vocals, according to the company. In April, IU released her fourth full-length album ""...
09:54 Sep. 18",https://en.yna.co.kr/view/AEN20170918002800315?section=search,,Yonhap News,2017-09-18,iu,Music,,[],True,Sentinel: Value used to set a document field to the server timestamp.,CURRENT
"(News Focus) Seo Tai-ji, father of modern K-pop, celebrates 25 years","(News Focus) Seo Tai-ji, father of modern K-pop, celebrates 25 years
...e mellow, space ambient genres, with his most recent studio album ""Quiet Night"" featuring a collaboration with female singer-songwriter IU. The biggest aspect of Seo's legacy is its imprint in ushering in the flood of modern K-pop idol stars and the K-pop's strong fandom culture ...
15:46 Sep. 01",https://en.yna.co.kr/view/AEN20170901008700315?section=search,,Yonhap News,2017-09-01,iu,Music,,[],True,Sentinel: Value used to set a document field to the server timestamp.,CURRENT
(News Focus) Wonder women: Ladies put men to shame in 2017 K-pop,"(News Focus) Wonder women: Ladies put men to shame in 2017 K-pop
...Bolbbalgan4 and heavyweight singer-songwriter IU. The female artist that is stealing the ...pite her low name recognition, Suran beat out IU on release day with virtually no publicity. ... and ""You (=I),"" under its belt. IU also released her fourth full-length album ...
17:10 Jul. 05",https://en.yna.co.kr/view/AEN20170705009800315?section=search,,Yonhap News,2017-07-05,iu,Music,,[],True,Sentinel: Value used to set a document field to the server timestamp.,CURRENT
"Psy, IU to throw free concerts at Boryeong Mud Festival","Psy, IU to throw free concerts at Boryeong Mud Festival
...BORYEONG, South Korea, June 29 (Yonhap) -- Leading K-pop stars Psy and IU plan to throw free stand-alone concerts at this year's Boryeong Mud ...ay, performed at last year's opening of the event. Singer-songwriter IU will also hold a solo concert July 28. The K-pop diva's fourth full-...
11:02 Jun. 29",https://en.yna.co.kr/view/AEN20170629005000315?section=search,,Yonhap News,2017-06-29,iu,Music,,[],True,Sentinel: Value used to set a document field to the server timestamp.,CURRENT
(LEAD) Mega-hit mobile game 'Yin Yang-sha' to land in S. Korea,"(LEAD) Mega-hit mobile game 'Yin Yang-sha' to land in S. Korea
...language with Kakao Games using famous Korean voice actors, the company said. Other localization efforts include having the popular K-pop star IU as a model for the game and collaborating with a renowned webtoon artist to produce special promotional content. The company has been making ...
18:54 Jun. 13",https://en.yna.co.kr/view/AEN20170613006751320?section=search,,Yonhap News,2017-06-13,iu,Promotion,,[],True,Sentinel: Value used to set a document field to the server timestamp.,CURRENT
IU says she's confident of new album 'Palette',"IU says she's confident of new album 'Palette'
... April 21 (Yonhap) -- K-pop singer-songwriter IU on Friday expressed confidence in her new ...the music charts even without publicity,"" IU told reporters at a media event held at the Shinhan Card FAN Square in northern Seoul. IU released her fourth full-length album ""...
18:06 Apr. 21",https://en.yna.co.kr/view/AEN20170421010700315?section=search,https://img.yna.co.kr/etc/inner/EN/2017/04/21/AEN20170421010700315_01_i_P2.jpg,Yonhap News,2017-04-21,iu,Music,,[],True,Sentinel: Value used to set a document field to the server timestamp.,CURRENT
IU unveils first teaser for new studio album,"IU unveils first teaser for new studio album
...ulminating in a goosebump-inducing whisper by IU. While hosts of group acts almost ...ominated the realm of K-pop, albeit still true, IU, as a teenage solo artist, successfully made ...4 EP ""A Flower Bookmark,"" consisting of IU's covers of seven oldies that got listeners nose-...
15:28 Apr. 20",https://en.yna.co.kr/view/AEN20170420009900315?section=search,https://img.yna.co.kr/etc/inner/EN/2017/04/20/AEN20170420009900315_01_i_P2.jpg,Yonhap News,2017-04-20,iu,Music,,[],True,Sentinel: Value used to set a document field to the server timestamp.,CURRENT
IU drops teaser for 'Ending Scene' featuring Kim Soo-hyun,"IU drops teaser for 'Ending Scene' featuring Kim Soo-hyun
... ballad heavy on strings, will be included on IU's fourth full-length album titled ""...ortedly close friends, with Kim dropping in at IU's concerts on several occasions and IU appearing in Kim's upcoming movie ""Real"" ...
15:13 Apr. 14",https://en.yna.co.kr/view/AEN20170414007600315?section=search,https://img.yna.co.kr/etc/inner/EN/2017/04/14/AEN20170414007600315_01_i_P2.jpg,Yonhap News,2017-04-14,iu,Music,,[],True,Sentinel: Value used to set a document field to the server timestamp.,CURRENT
Singer-actress IU to sue YouTuber for slander,"Singer-actress IU to sue YouTuber for slander
...d derogatory and suggestive diatribes against IU, comparing the singer to a pet dog. Amid ...IU's fans, the man claimed that he's a diehard IU fan who just happens to enjoy vulgar jokes. ... last year, 11 Internet users who were sued by IU for defamation were handed fines in a court ...
11:22 Apr. 12",https://en.yna.co.kr/view/AEN20170412005700315?section=search,https://img.yna.co.kr/etc/inner/EN/2017/04/12/AEN20170412005700315_01_i_P2.jpg,Yonhap News,2017-04-12,iu,Controversy,,[],True,Sentinel: Value used to set a document field to the server timestamp.,CURRENT
Actor Kim Soo-hyun to appear in IU's upcoming music video,"Actor Kim Soo-hyun to appear in IU's upcoming music video
...quot; will appear in a music video for singer IU's new album, according the stars' agencies ...s finished filming for the video to a song on IU's upcoming fourth album. The track, whose ...cted in favor towards his appearance. Kim and IU together appeared in the 2011 KBS 2TV drama ...
12:39 Apr. 05",https://en.yna.co.kr/view/AEN20170405006400315?section=search,https://img.yna.co.kr/etc/inner/EN/2017/04/05/AEN20170405006400315_01_i_P2.jpg,Yonhap News,2017-04-05,iu,Music,,[],True,Sentinel: Value used to set a document field to the server timestamp.,CURRENT
"WINNER dethrones IU to reign on music charts home, abroad","WINNER dethrones IU to reign on music charts home, abroad
... Music, Genie Music and Naver Music, as of 9 a.m. Tuesday, according to YG Entertainment. ""Really Really"" overtook singer-songwriter IU's ""Through The Night,"" which dominated major charts for over a week since its release. ""Fool,"" another track on WINNER's ...
10:31 Apr. 05",https://en.yna.co.kr/view/AEN20170405004300315?section=search,https://img.yna.co.kr/etc/inner/EN/2017/04/05/AEN20170405004300315_01_i_P2.jpg,Yonhap News,2017-04-05,iu,Music,,[],True,Sentinel: Value used to set a document field to the server timestamp.,CURRENT
IU releases MV for 'Through the Night',"IU releases MV for 'Through the Night'
...L, March 27 (Yonhap) -- South Korean pop diva IU has unveiled ""Through the Night,"" a ...ic fans. ""Through the Night"" is IU's own style of folk ballad song with a ...eeling of love and longing for the old lover. IU is scheduled to return to the music scene with ...
11:34 Mar. 27",https://en.yna.co.kr/view/AEN20170327003600315?section=search,https://img.yna.co.kr/etc/inner/EN/2017/03/27/AEN20170327003600315_01_i_P2.jpg,Yonhap News,2017-03-27,iu,Music,,[],True,Sentinel: Value used to set a document field to the server timestamp.,CURRENT
IU to release 'Night Letter' from upcoming album this week,"IU to release 'Night Letter' from upcoming album this week
...SEOUL, March 20 (Yonhap) -- Singer-songwriter IU will release her new song ""Night Letter,...for the song on the artist's social media. IU's new album will be released on April 21. The ... out. The upcoming, self-produced album is IU's first new material since ""Chat-shire,...
10:38 Mar. 20",https://en.yna.co.kr/view/AEN20170320003700315?section=search,https://img.yna.co.kr/etc/inner/EN/2017/03/20/AEN20170320003700315_01_i_P2.jpg,Yonhap News,2017-03-20,iu,Music,,[],True,Sentinel: Value used to set a document field to the server timestamp.,CURRENT
IU to release fourth full-length album in April,"IU to release fourth full-length album in April
...17 (Yonhap) -- South Korean singer-songwriter IU will release her fourth full-length album ... album that came out in October 2015. ""IU has collaborated with talented musicians,""...agency said, and added that the work will bear IU's traditional sentimentality plus a new ...
10:45 Mar. 17",https://en.yna.co.kr/view/AEN20170317003700315?section=search,https://img.yna.co.kr/etc/inner/EN/2017/03/17/AEN20170317003700315_01_i_P2.jpg,Yonhap News,2017-03-17,iu,Music,,[],True,Sentinel: Value used to set a document field to the server timestamp.,CURRENT
Yonhap News Summary,"Yonhap News Summary
...medical tour programs. ---------------- IU, Jang Ki-ha split up after 3 years of dating SEOUL-- Singer IU and Jang Ki-ha, the leader of band KIHA & ...e Entertainment and Drdr AMC, which represent IU and Jang, respectively, confirmed the breakup ...
17:00 Jan. 23",https://en.yna.co.kr/view/AEN20170123009600320?section=search,,Yonhap News,2017-01-23,iu,Social,,[],True,Sentinel: Value used to set a document field to the server timestamp.,CURRENT
"IU, Jang Ki-ha split up after 3 years of dating","IU, Jang Ki-ha split up after 3 years of dating
SEOUL, Jan. 23 (Yonhap) -- Singer IU and Jang Ki-ha, the leader of band KIHA & The ...ave Entertainment and Drdr AMC, which represent IU and Jang, respectively, confirmed the breakup ...her. At that time, Jang said he'd been dating IU since October 2013 after she appeared on the ...
15:21 Jan. 23",https://en.yna.co.kr/view/AEN20170123006800315?section=search,https://img.yna.co.kr/etc/inner/EN/2017/01/23/AEN20170123006800315_01_i_P2.jpg,Yonhap News,2017-01-23,iu,Social,,[],True,Sentinel: Value used to set a document field to the server timestamp.,CURRENT
Singer IU to hold year-end concert,"Singer IU to hold year-end concert
SEOUL, Nov. 3 (Yonhap) -- Singer-actress IU will wrap up the year with a concert in Seoul ...singer as she reflects on her career thus far. IU is 23 years old but 24 under the Korean age ...kets following a string of sell-out concerts by IU at the end of last year. Tickets will go on ...
11:11 Nov. 03",https://en.yna.co.kr/view/AEN20161103003500315?section=search,https://img.yna.co.kr/etc/inner/EN/2016/11/03/AEN20161103003500315_01_i_P2.jpg,Yonhap News,2016-11-03,iu,Music,,[],True,Sentinel: Value used to set a document field to the server timestamp.,CURRENT
'Moon Lovers: Scarlet Heart Ryeo' enjoys 2 bln views in China,"'Moon Lovers: Scarlet Heart Ryeo' enjoys 2 bln views in China
...UL, Oct. 26 (Yonhap) -- South Korean television series ""Moon Lovers: Scarlet Heart Ryeo,"" starring actor Lee Joon-gi and singer-actress IU, has surpassed 2 billion views on Chinese online broadcaster, the actor's agency said on Wednesday. The fusion epic series, a TV ...
17:45 Oct. 26",https://en.yna.co.kr/view/AEN20161026009800315?section=search,https://img.yna.co.kr/etc/inner/EN/2016/10/26/AEN20161026009800315_01_i_P2.jpg,Yonhap News,2016-10-26,iu,Acting,,[],True,Sentinel: Value used to set a document field to the server timestamp.,CURRENT
New period drama attracts 300 mln views in China in first week,"New period drama attracts 300 mln views in China in first week
...overs: Scarlet Heart Ryeo,"" starring hallyu stars Lee Joon-gi and IU, premiered simultaneously in South Korea and China on Monday. Hallyu ...n, the drama stars Lee as the resentful 10th century prince Wang So and IU as the 21st century office worker Go Ha-jin, who one day time slips to ...
17:53 Aug. 31",https://en.yna.co.kr/view/AEN20160831012000315?section=search,,Yonhap News,2016-08-31,iu,Acting,,[],True,Sentinel: Value used to set a document field to the server timestamp.,CURRENT
New period drama takes fusion genre step farther,"New period drama takes fusion genre step farther
...lipping 21st century office worker Go Ha-jin (IU). Set during the early years of the Goryeo ... at the heart of history."" K-pop diva IU was perfect in her role to the extent that ... any direction, according to Kim. ""For IU, I think this may be a big step forward to ...
09:00 Aug. 20",https://en.yna.co.kr/view/AEN20160819011700315?section=search,,Yonhap News,2016-08-20,iu,Acting,,[],True,Sentinel: Value used to set a document field to the server timestamp.,CURRENT
"(Yonhap Feature) In Mullaedong, declining factory complex revitalized with art","(Yonhap Feature) In Mullaedong, declining factory complex revitalized with art
...tractions of the art village is a very attractive mural known as ""IU of the rooftop"" for depicting the K-pop diva IU. It was drawn on the rooftop of an unnamed building where the cafe ...
10:17 Jun. 09",https://en.yna.co.kr/view/AEN20160609001100315?section=search,,Yonhap News,2016-06-09,iu,Promotion,,[],True,Sentinel: Value used to set a document field to the server timestamp.,CURRENT
(Yonhap Feature) Worldly a cappella group bridges cultures through song,"(Yonhap Feature) Worldly a cappella group bridges cultures through song
... second. Gina Strohbach, who has never learned Korean but sang ""Not Spring, Love or Cherry Blossoms"" by the Korean singer-songwriter IU at a fall show, is a case in point. ""We don't assign a song based on, 'Oh, you're the Korean so you'll sing the Korean song,'"" ...
16:07 Mar. 23",https://en.yna.co.kr/view/AEN20160323002600315?section=search,,Yonhap News,2016-03-23,iu,Music,,[],True,Sentinel: Value used to set a document field to the server timestamp.,CURRENT
"Kim Soo-hyun, BigBang named winners of 2015 Soompi Awards","Kim Soo-hyun, BigBang named winners of 2015 Soompi Awards
...sic, BigBang came out on top over the likes of seven-member boy band Bangtan Boys (BTS), which came in second, and EXO, which came in third. Best Male and Female Solo Artists went to Kyuhyun of Super Junior and singer-songwriter IU. Meanwhile, Girls Generation won for Best Girl Group. (END)
12:03 Feb. 24",https://en.yna.co.kr/view/AEN20160224007200315?section=search,,Yonhap News,2016-02-24,iu,Music,,[],True,Sentinel: Value used to set a document field to the server timestamp.,CURRENT
S. Korean girl group songs included in anti-North broadcasts,"S. Korean girl group songs included in anti-North broadcasts
...e 2011 SBS soap opera ""Protect the Boss,"" the sources said. Songs from ""CHAT-SHIRE,"" the latest album by singer-songwriter IU, will also be played along the border in an apparent effort to demonstrate the improved status of South Korean women. A song by Lee Ae-ran, ...
17:14 Jan. 08",https://en.yna.co.kr/view/AEN20160108010200315?section=search,,Yonhap News,2016-01-08,iu,Music,,[],True,Sentinel: Value used to set a document field to the server timestamp.,CURRENT
"(Yearender) Diversity defines S. Korean movies, music in 2015","(Yearender) Diversity defines S. Korean movies, music in 2015
...essing his petition to have the entry ban lifted. Singer-songwriter IU came under fire for lyrics accused of portraying child molestation in ...ot;Zeze"" is based, said the lyrics were suggestive of pedophilia. IU apologized for causing the controversy but continued to sing ""...
09:00 Dec. 15",https://en.yna.co.kr/view/AEN20151211003700315?section=search,,Yonhap News,2015-12-15,iu,Controversy,,[],True,Sentinel: Value used to set a document field to the server timestamp.,CURRENT
IU to hold year-end concerts in Seoul,"IU to hold year-end concerts in Seoul
... SEOUL, Dec. 8 (Yonhap) -- Singer-songwriter IU will perform two more concerts to ""...keting website Interpark starting Thursday. IU has recently been accused of condoning child ...s a child but deep down, you're dirty."" IU released a statement last month, apologizing ...
10:47 Dec. 08",https://en.yna.co.kr/view/AEN20151208002700315?section=search,,Yonhap News,2015-12-08,iu,Music,,[],True,Sentinel: Value used to set a document field to the server timestamp.,CURRENT
"Despite controversy, IU sings 'Zeze' at concerts","Despite controversy, IU sings 'Zeze' at concerts
SEOUL, Nov. 23 (Yonhap) -- Singer IU has sung a track from her latest album at her recent concerts, her agency said Monday, despite...Seoul over the weekend, LOEN Tree Entertainment said. The agency also said IU introduced ""Zeze"" as ""a song I continue to love"" to her ...
14:46 Nov. 23",https://en.yna.co.kr/view/AEN20151123005900315?section=search,,Yonhap News,2015-11-23,iu,Music,,[],True,Sentinel: Value used to set a document field to the server timestamp.,CURRENT
IU accused of illegally sampling Britney Spears' music,"IU accused of illegally sampling Britney Spears' music
... 3 (Yonhap) -- South Korean singer-songwriter IU has been accused of using illegal samples of ... ""Twenty-three,"" the title track of IU's latest album ""CHAT-SHIRE,"" a ... is bought through a legitimate paid website. IU's record label Loen Tree said it wasn't ...
17:42 Nov. 03",https://en.yna.co.kr/view/AEN20151103008600315?section=search,,Yonhap News,2015-11-03,iu,Controversy,,[],True,Sentinel: Value used to set a document field to the server timestamp.,CURRENT
IU's 'Twenty-three' opens at No. 1 on music charts,"IU's 'Twenty-three' opens at No. 1 on music charts
SEOUL, Oct. 23 (Yonhap) -- IU's new song ""Twenty-three"" topped local music...Glasses"" -- were also among the top 10. IU participated in the making of all seven songs ...an pop songs, in 2014 on May 16, her birthday. IU recently made headlines after admitting to dating ...
09:58 Oct. 23",https://en.yna.co.kr/view/AEN20151023002000315?section=search,,Yonhap News,2015-10-23,iu,Music,,[],True,Sentinel: Value used to set a document field to the server timestamp.,CURRENT
IU to release new mini-album next week,"IU to release new mini-album next week
SEOUL, Oct. 12 (Yonhap) -- Singer IU will release a mini-album next week with songs she wrote, her management agency said Monday....es cover versions of old songs, according to Loen Tree Entertainment. ""IU has been participating in writing songs, as well as producing the album, ...
09:37 Oct. 12",https://en.yna.co.kr/view/AEN20151012001800315?section=search,,Yonhap News,2015-10-12,iu,Music,,[],True,Sentinel: Value used to set a document field to the server timestamp.,CURRENT
Yonhap News Summary,"Yonhap News Summary
...rin, in Seoul earlier in the day. ----------------- (LEAD) Singers IU, Jang Ki-ha in love SEOUL -- The age gap is nothing: Singer IU has been dating singer-songwriter Jang Ki-ha, her management agency ...
17:14 Oct. 08",https://en.yna.co.kr/view/AEN20151008009600315?section=search,,Yonhap News,2015-10-08,iu,Social,,[],True,Sentinel: Value used to set a document field to the server timestamp.,CURRENT
"(LEAD) Singers IU, Jang Ki-ha in love","(LEAD) Singers IU, Jang Ki-ha in love
... 8 (Yonhap) -- The age gap is nothing: Singer IU has been dating singer-songwriter Jang Ki-ha, ...m him, and I am really grateful to him,"" IU said. ""We love, often quarrel and ...ouple."" Since making her debut in 2008, IU has been one of the most beloved singers here, ...
16:15 Oct. 08",https://en.yna.co.kr/view/AEN20151008007351315?section=search,,Yonhap News,2015-10-08,iu,Social,,[],True,Sentinel: Value used to set a document field to the server timestamp.,CURRENT
"Singers IU, Jang Ki-ha in love","Singers IU, Jang Ki-ha in love
... 8 (Yonhap) -- The age gap is nothing: Singer IU has been dating singer-songwriter Jang Ki-ha, ...olleagues,"" it added. On a fan site, IU also admitted to the romance, saying she ...rom him, and I am really grateful to him,"" IU said. ""We love, often quarrel and ...
15:25 Oct. 08",https://en.yna.co.kr/view/AEN20151008007300315?section=search,,Yonhap News,2015-10-08,iu,Social,,[],True,Sentinel: Value used to set a document field to the server timestamp.,CURRENT
IU to hold fan meeting in Hong Kong,"IU to hold fan meeting in Hong Kong
...OUL, Sept. 11 (Yonhap) -- South Korean singer IU will hold a fan meeting in Hong Kong, her ...cy was not immediately reached for comment. IU amassed fans from all over Asia for her role ...he show concluded its one-month run in June. IU is scheduled to hold a concert and a fan ...
09:25 Sep. 11",https://en.yna.co.kr/view/AEN20150911001500315?section=search,,Yonhap News,2015-09-11,iu,Music,,[],True,Sentinel: Value used to set a document field to the server timestamp.,CURRENT
Kim Soo-hyun draws thousands at China event,"Kim Soo-hyun draws thousands at China event
...nt agency said Monday. Kim was at the Mercedez-Benz Arena in Shanghai on Saturday with his ""The Producers"" co-stars Gong Hyo-jin and IU, Keyeast Entertainment said. More than 10,000 people showed up for the event, according to the agency. ""The fans scream at Kim's ...
09:26 Aug. 31",https://en.yna.co.kr/view/AEN20150831002300315?section=search,,Yonhap News,2015-08-31,iu,Promotion,,[],True,Sentinel: Value used to set a document field to the server timestamp.,CURRENT
(LEAD) New Korean drama starring Kim Soo-hyun to be shown in China,"(LEAD) New Korean drama starring Kim Soo-hyun to be shown in China
...t;My Love from the Stars,"" and having a star-studded cast that also includes actor Cha Tae-hyun, actress Gong Hyo-jin and singer and actress IU. Last year, the online broadcasting rights for SBS TV's ""My Lovely Girl"" starring singer and actor Rain were sold at $200,000 per ...
16:22 May. 11",https://en.yna.co.kr/view/AEN20150511005751315?section=search,,Yonhap News,2015-05-11,iu,Acting,,[],True,Sentinel: Value used to set a document field to the server timestamp.,CURRENT
IU on Billboard's top 21 list for underage musicians,"IU on Billboard's top 21 list for underage musicians
SEOUL, Sept. 19 (Yonhap) -- South Korean singer IU claimed the 15th spot on the U.S. Billboard's ""21 Under 21: Music's Hottest Minors... 100 chart of the past year, which was released in August. ""While IU hasn't hit the same level of global viral awareness as Psy, her ...
17:25 Sep. 19",https://en.yna.co.kr/view/AEN20120919009600315?section=search,,Yonhap News,2012-09-19,iu,Music,,[],True,Sentinel: Value used to set a document field to the server timestamp.,CURRENT
(LEAD) Gaon Chart names Super Junior as top album seller of 2010,"(LEAD) Gaon Chart names Super Junior as top album seller of 2010
...led by sales in six Internet music markets, including Melon and Dosirak, Miss A topped the list with 805,177,964 points, trailed by female singer IU's song ""Nagging,"" which was jointly produced with Seulong and earned 760,005,040 points. Lee Seung-chul's song ""That ...
16:05 Feb. 09",https://en.yna.co.kr/view/AEN20110209008900315?section=search,,Yonhap News,2011-02-09,iu,Music,,[],True,Sentinel: Value used to set a document field to the server timestamp.,CURRENT
